{
  "project_info": {
    "project_number": "176084262861",
    "firebase_url": "https://fir-66d60.firebaseio.com",
    "project_id": "fir-66d60",
    "storage_bucket": "fir-66d60.appspot.com"
  },
  "client": [
    {
      "client_info": {
        "mobilesdk_app_id": "1:176084262861:android:4a120f8a461a7289",
        "android_client_info": {
          "package_name": "com.seoulpeopele.seoulpeople"
        }
      },
      "oauth_client": [
        {
          "client_id": "176084262861-87skj8tl3t8kv8ho3uimu76acct4j8m9.apps.googleusercontent.com",
          "client_type": 3
        }
      ],
      "api_key": [
        {
          "current_key": "AIzaSyDdyC_5ZJf3vMFoiqWGUyQg1huCBqi0AX0"
        }
      ],
      "services": {
        "analytics_service": {
          "status": 1
        },
        "appinvite_service": {
          "status": 1,
          "other_platform_oauth_client": []
        },
        "ads_service": {
          "status": 2
        }
      }
    }
  ],
  "configuration_version": "1"
}